Merk;Model;Uitvoering_Details;Prijs;Kilometerstand;Bouwjaar;Brandstof;Transmissie;Vermogen;Foto_URL;Auto_URL
Mercedes-Benz;GLA 250;250e hybr;€ 33.950;87.000 km;08/2021;Elektro/Benzine;Automatisch;120 kW (163 PK);https://prod.pictures.autoscout24.net/listing-images/4d91c3d8-2bf0-4522-ab61-a2497baf10a5_a6b483dc-d19d-4e1b-8b1a-0d9cf732a750.jpg;https://www.autoscout24.nl/aanbod/mercedes-benz-gla-250-250e-hybr-elektro-benzine-grijs-4d91c3d8-2bf0-4522-ab61-a2497baf10a5
Mercedes-Benz;A 250;A250 e Hybride;€ 26.950;65.000 km;03/2024;Elektro/Benzine;Automatisch;120 kW (163 PK);https://prod.pictures.autoscout24.net/listing-images/4ed900dc-140e-4978-ba7c-603f462ac1b9_19d080e6-1fdc-427b-828c-cad54b9ad92b.jpg;https://www.autoscout24.nl/aanbod/mercedes-benz-a-250-a250-e-hybride-elektro-benzine-grijs-4ed900dc-140e-4978-ba7c-603f462ac1b9
Mercedes-Benz;GLB 35 AMG;AMG 35 4MATIC;€ 49.950;82.500 km;11/2020;Benzine;Automatisch;225 kW (306 PK);https://prod.pictures.autoscout24.net/listing-images/d427fc03-2250-41d4-95dc-9e673a9a4a63_1e519f6d-3602-4022-8a36-7d19f40ad027.jpg;https://www.autoscout24.nl/aanbod/mercedes-benz-glb-35-amg-amg-35-4matic-benzine-rood-d427fc03-2250-41d4-95dc-9e673a9a4a63
Mercedes-Benz;A 250;250 e BNS Sol AMG;€ 37.950;29.500 km;07/2025;Elektro/Benzine;Automatisch;120 kW (163 PK);https://prod.pictures.autoscout24.net/listing-images/80103d17-1e29-4cae-aa01-77c9a248a9f0_e963bdee-ea8f-4bf9-8fc2-7f339cedcf31.jpg;https://www.autoscout24.nl/aanbod/mercedes-benz-a-250-250-e-bns-sol-amg-elektro-benzine-grijs-80103d17-1e29-4cae-aa01-77c9a248a9f0
Mercedes-Benz;E 300;300 de 4MATIC AMG L.;€ 78.950;46.000 km;01/2025;Diesel;Automatisch;145 kW (197 PK);https://prod.pictures.autoscout24.net/listing-images/bd6b88db-5733-4889-aba8-460b29bca65d_05a92337-fe83-46fb-b78d-9fabfd11f8ea.jpg;https://www.autoscout24.nl/aanbod/mercedes-benz-e-300-300-de-4matic-amg-l-diesel-grijs-bd6b88db-5733-4889-aba8-460b29bca65d
Mercedes-Benz;B 250;250 Premium Plus;€ 26.950;38.000 km;08/2019;Benzine;Automatisch;165 kW (224 PK);https://prod.pictures.autoscout24.net/listing-images/86723524-deb3-4b7e-b5e6-395e388719ea_531d4537-00fe-4fe5-bb49-7a0ba35ecdba.jpg;https://www.autoscout24.nl/aanbod/mercedes-benz-b-250-250-premium-plus-benzine-wit-86723524-deb3-4b7e-b5e6-395e388719ea
Porsche;Cayenne;3.0 E-Hybrid Pl. Ed.;€ 89.950;46.000 km;03/2023;Elektro/Benzine;Automatisch;250 kW (340 PK);https://prod.pictures.autoscout24.net/listing-images/f8edb231-7532-41b4-bcce-98fdeb291c99_ac4f634c-3217-45e7-9b88-317f6a3b649d.jpg;https://www.autoscout24.nl/aanbod/porsche-cayenne-3-0-e-hybrid-pl-ed-elektro-benzine-blauw-f8edb231-7532-41b4-bcce-98fdeb291c99
Mercedes-Benz;A 250;AMG | 360 | Head-up | Night | Pano | Multibeam;€ 37.950;27.750 km;06/2025;Elektro/Benzine;Automatisch;120 kW (163 PK);https://prod.pictures.autoscout24.net/listing-images/9415e090-79d0-4d2d-8d68-b47b56949902_6c4caa1f-49ba-4847-8770-03dde51dace0.jpg;https://www.autoscout24.nl/aanbod/mercedes-benz-a-250-amg-360-head-up-night-pano-multibeam-elektro-benzine-grijs-9415e090-79d0-4d2d-8d68-b47b56949902
Mercedes-Benz;CLA 180;AMG | Pano | Night | High Perf. LED | 48VMild Hyb.;€ 27.950;99.998 km;04/2021;Benzine;Automatisch;100 kW (136 PK);https://prod.pictures.autoscout24.net/listing-images/46b76078-2fb2-48e5-82f0-991b50a252c3_238270d0-5487-4dfa-b017-ca380f51563b.jpg;https://www.autoscout24.nl/aanbod/mercedes-benz-cla-180-amg-pano-night-high-perf-led-48vmild-hyb-benzine-zwart-46b76078-2fb2-48e5-82f0-991b50a252c3
Mercedes-Benz;C 200;200 L. Ed. AMG Line;€ 34.950;122.000 km;01/2022;Benzine;Automatisch;150 kW (204 PK);https://prod.pictures.autoscout24.net/listing-images/a81edbf4-f5b2-4493-af77-e8657b86134c_0efafd31-6be7-4b4d-90ca-e4241969061d.jpg;https://www.autoscout24.nl/aanbod/mercedes-benz-c-200-200-l-ed-amg-line-benzine-blauw-a81edbf4-f5b2-4493-af77-e8657b86134c
Mercedes-Benz;A 180;AMG | Nightpakket | Pano | Keyless | Multibeam;€ 28.950;31.615 km;02/2022;Benzine;Automatisch;100 kW (136 PK);https://prod.pictures.autoscout24.net/listing-images/5e35c1c0-2c33-4b15-90d4-1fe5d988cfff_9a6d5a2a-60db-4e23-b828-06f8a0d3c613.jpg;https://www.autoscout24.nl/aanbod/mercedes-benz-a-180-amg-nightpakket-pano-keyless-multibeam-benzine-brons-5e35c1c0-2c33-4b15-90d4-1fe5d988cfff
Mercedes-Benz;A 250;AMG | PANO | Night | Multibeam | Memory | Keyless;€ 22.950;136.500 km;05/2021;Elektro/Benzine;Automatisch;118 kW (160 PK);https://prod.pictures.autoscout24.net/listing-images/cd8c90f2-69d0-4ed2-85b7-da4f7937e041_c34e1522-343d-4f8d-995a-1d985942899e.jpg;https://www.autoscout24.nl/aanbod/mercedes-benz-a-250-amg-pano-night-multibeam-memory-keyless-elektro-benzine-grijs-cd8c90f2-69d0-4ed2-85b7-da4f7937e041
Mercedes-Benz;E 200;AMG | Multibeam | Ambient | Dodehoek | Augm. | Air;€ 44.950;80.000 km;10/2020;Benzine;Automatisch;145 kW (197 PK);https://prod.pictures.autoscout24.net/listing-images/e4dc086a-0ec4-4488-a055-6cf0a5f74022_8d7b4a02-b159-4809-8f52-7b5f1b538cec.jpg;https://www.autoscout24.nl/aanbod/mercedes-benz-e-200-amg-multibeam-ambient-dodehoek-augm-air-benzine-zwart-e4dc086a-0ec4-4488-a055-6cf0a5f74022
Mercedes-Benz;B 250;AMG | Head-up | 360° | Distronic | Pano | Keyl.;€ 32.950;78.500 km;08/2019;Benzine;Automatisch;165 kW (224 PK);https://prod.pictures.autoscout24.net/listing-images/70d1d06b-6c44-4872-90f0-86f01f65b03d_4b74a912-6cdc-4a0e-8af8-18fc383ffe51.jpg;https://www.autoscout24.nl/aanbod/mercedes-benz-b-250-amg-head-up-360-distronic-pano-keyl-benzine-grijs-70d1d06b-6c44-4872-90f0-86f01f65b03d
Mercedes-Benz;B 250;EQ | AMG | PANO | Keyless | Multibeam | Night |;€ 22.950;116.000 km;09/2020;Elektro/Benzine;Automatisch;118 kW (160 PK);https://prod.pictures.autoscout24.net/listing-images/724a0414-d7ea-4abf-bd10-06ac773b7558_2ecdfbc0-57db-4f6a-8082-43b66c50d39c.jpg;https://www.autoscout24.nl/aanbod/mercedes-benz-b-250-eq-amg-pano-keyless-multibeam-night-elektro-benzine-zwart-724a0414-d7ea-4abf-bd10-06ac773b7558
Mercedes-Benz;C 300;Hybride | Digital Led | AMG | Pano | Memory | 360;€ 35.950;78.500 km;03/2022;Elektro/Benzine;Automatisch;150 kW (204 PK);https://prod.pictures.autoscout24.net/listing-images/8cd4cedc-7779-42af-9911-142c46e00b7a_89fe4074-f3d9-4ccb-84b5-1f03dba66d8b.jpg;https://www.autoscout24.nl/aanbod/mercedes-benz-c-300-hybride-digital-led-amg-pano-memory-360-elektro-benzine-blauw-8cd4cedc-7779-42af-9911-142c46e00b7a
